z,electricalConductivity,thermalConductivity,specificHeat,electricalType,crustAbundance,oceanAbundance,ionizationEnergies,isotopes,isotopeAbundance,universeAbundance,humanAbundance
1,0,0.1805,14.304,N/A,0.14,108000,1312,1;2,0.99986;0.00014,75,0.1
2,0,0.1513,5.193,N/A,8e-07,,2372.3;5250.5,3;4,2e-06;0.999998,23,
3,10800000,85,3.582,Conductor,0.0017,,520.2;7298.1;11815,6;7,0.04;0.96,6e-07,3e-06
4,25000000,190,1.825,Conductor,0.00028,,899.5;1757.1;14848.7;21006.6,9,1,1e-07,4e-08
5,1e-06,27,1.026,Isolator,0.00086,4.5,800.6;2427.1;3659.7;25025.8;32826.7,10;11,0.1965;0.8035,1e-07,7e-05
6,10000,140,0.709,Conductor,0.18,28,1086.5;2352.6;4620.5;6222.7;37831;47277.0,12;13,0.9894;0.0106,0.5,23
7,0,0.02583,1.04,N/A,0.002,0.5,1402.3;2856;4578.1;7475;9444.9;53266.6;64360,14;15,0.996205;0.003795,0.1,2.6
8,1e-11,0.02658,0.918,N/A,46.1,857000,1313.9;3388.3;5300.5;7469.2;10989.5;13326.5;71330;84078.0,16;17;18,0.99757;0.0003835;0.002045,1,61
9,0,0.0277,0.824,N/A,0.054,1.3,1681;3374.2;6050.4;8407.7;11022.7;15164.1;17868;92038.1,19,1,4e-05,0.0037
10,0,0.0491,1.03,N/A,5e-07,,2080.7;3952.3;6122;9371;12177;15238.9;19999.0;23069.5,20;21;22,0.9048;0.0027;0.0925,0.13,
11,21000000,140,1.228,Conductor,2.3,10770,495.8;4562;6910.3;9543;13354;16613;20117;25496,23,1,0.002,0.14
12,23000000,160,1.023,Conductor,2.3,1290,737.7;1450.7;7732.7;10542.5;13630;18020;21711;25661,24;25;26,0.78965;0.10011;0.11025,0.059,0.027
13,35000000,235,0.897,Conductor,8.2,,577.5;1816.7;2744.8;11577;14842;18379;23326;27465,27,1,0.005,9e-05
14,0.00156,150,0.705,Semiconductor,28,0.1,786.5;1577.1;3231.6;4355.5;16091;19805;23780;29287,28;29;30,0.922545;0.04672;0.030735,0.07,0.026
15,1e-14,0.236,0.769,Conductor,0.1,,1011.8;1907;2914.1;4963.6;6273.9;21267;25431;29872,31,1,0.0007,1.1
16,5e-14,0.205,0.71,Isolator,0.042,905,999.6;2252;3357;4556;7004.3;8495.8;27107;31719,32;33;34;36,0.9485;0.00763;0.04365;0.000158,0.05,0.2
17,0,0.0089,0.479,Isolator,0.017,19300,1251.2;2298;3822;5158.6;6542;9362;11018;33604,35;37,0.758;0.242,0.0001,0.12
18,0,0.01772,0.52,N/A,0.00015,,1520.6;2665.8;3931;5771;7238;8781;11995;13842,36;38;40,0.01035;0.0215;0.96815,0.02,
19,14000000,100,0.757,Conductor,2.1,399,418.8;3052;4420;5877;7975;9590;11343;14944,39;41,0.932581;0.067302,0.0003,0.2
20,29000000,200,0.647,Conductor,4.1,412,589.8;1145.4;4912.4;6491;8153;10496;12270;14206,40;42;43;44;46;48,0.96941;0.00647;0.00135;0.02086;4e-05;0.00187,0.007,1.4
21,1800000,16,0.568,Conductor,0.0022,,633.1;1235;2388.6;7090.6;8843;10679;13310;15250,45,1,3e-06,
22,2400000,22,0.523,Conductor,0.56,,658.8;1309.8;2652.5;4174.6;9581;11533;13590;16440,46;47;48;49;50,0.0825;0.0744;0.7372;0.0541;0.0518,0.0003,
23,3900000,31,0.489,Conductor,0.019,,650.9;1414;2830;4507;6298.7;12363;14530;16730,51,0.9975,0.0001,3e-06
24,7900000,94,0.449,Conductor,0.014,,652.9;1590.6;2987;4743;6702;8744.9;15455;17820,50;52;53;54,0.04345;0.83789;0.09501;0.02365,0.0015,3e-06
25,6200000,7.7,0.479,Conductor,0.11,,717.3;1509;3248;4940;6990;9220;11500;18770,55,1,0.0008,2e-05
26,10000000,79,0.449,Conductor,5.6,,762.5;1561.9;2957;5290;7240;9560;12060;14580,54;56;57;58,0.05845;0.91754;0.02119;0.00282,0.11,0.006
27,17000000,100,0.421,Conductor,0.003,,760.4;1648;3232;4950;7670;9840;12440;15230,59,1,0.0003,2e-06
28,14000000,91,0.444,Conductor,0.0084,,737.1;1753;3395;5300;7339;10400;12800;15600,58;60;61;62;64,0.680769;0.262231;0.011399;0.036345;0.009256,0.006,1e-05
29,59600000,400,0.385,Conductor,0.006,,745.5;1957.9;3555;5536;7700;9900;13400;16000,63;65,0.6915;0.3085,6e-06,0.0001
30,17000000,120,0.388,Conductor,0.007,,906.4;1733.3;3833;5731;7970;10400;12900;16800,64;66;67;68;70,0.4917;0.2773;0.0404;0.1845;0.0061,3e-05,0.0033
31,7100000,29,0.371,Conductor,0.0019,,578.8;1979.3;2963;6180,69;71,0.60108;0.39892,1e-06,
32,0.02,60,0.32,Semiconductor,0.00015,,762;1537.5;3302.1;4411;9020,70;72;73;74;76,0.2052;0.2745;0.0776;0.3652;0.0775,2e-05,
33,0.0033,50,0.329,Conductor,0.00021,,947;1798;2735;4837;6043;12310,75,1,8e-07,5e-06
34,1e-10,0.52,0.321,N/A,5e-06,,941;2045;2973.7;4144;6590;7880;14990,74;76;77;78;80;82,0.0086;0.0923;0.076;0.2369;0.498;0.0882,3e-06,5e-06
35,0,0.12,0.474,Semiconductor,0.0003,67.3,1139.9;2103;3470;4560;5760;8550;9940;18600,79;81,0.5065;0.4935,7e-07,0.00029
36,0,0.00943,0.248,Conductor,1e-08,,1350.8;2350.4;3565;5070;6240;7570;10710;12138,78;80;82;83;84;86,0.00355;0.02286;0.11593;0.115;0.56987;0.17279,4e-06,
37,8000000,58,0.363,Conductor,0.006,,403;2633;3860;5080;6850;8140;9570;13120,85;87,0.7217;0.2783,1e-06,0.00046
38,4000000,35,0.301,Isolator,0.036,7.9,549.5;1064.2;4138;5500;6910;8760;10230;11800,84;86;87;88,0.0056;0.0986;0.07;0.8258,4e-06,0.00046
39,1800000,17,0.298,N/A,0.0029,,600;1180;1980;5847;7430;8970;11190;12450,89,1,7e-07,
40,2400000,23,0.278,Conductor,0.013,,640.1;1270;2218;3313;7752;9500,90;91;92;94;96,0.5147;0.1123;0.1716;0.1736;0.0278,5e-06,5e-06
41,6700000,54,0.265,Conductor,0.0017,,652.1;1380;2416;3700;4877;9847;12100,93,1,2e-07,
42,2000000,139,0.251,Conductor,0.00011,,684.3;1560;2618;4480;5257;6640.8;12125;13860,92;94;95;96;97;98;100,0.14649;0.09187;0.15873;0.16673;0.09582;0.24292;0.09744,5e-07,1e-05
43,500000,51,0.243,Conductor,-1,,702;1470;2850,,,,0
44,1400000,120,0.238,Conductor,1e-07,,710.2;1620;2747,96;98;99;100;101;102;104,0.0554;0.0187;0.1276;0.126;0.1706;0.3155;0.1862,4e-07,
45,2300000,150,0.243,Conductor,1e-07,,719.7;1740;2997,103,1,6e-08,
46,9500000,71,0.244,Conductor,6.3e-07,,804.4;1870;3177,102;104;105;106;108;110,0.0102;0.1114;0.2233;0.2733;0.2646;0.1172,2e-07,
47,63000000,430,0.235,Conductor,7.5e-06,,731;2070;3361;4728,107;109,0.51839;0.48161,6e-08,
48,14000000,96,0.233,Conductor,1.5e-05,,867.8;1631.4;3616,106;108;110;111;112;113;114;116,0.01245;0.00888;0.1247;0.12795;0.24109;0.12227;0.28754;0.07512,2e-07,7e-05
49,3500000,82,0.233,N/A,1.6e-05,,558.3;1820.7;2704;5210,113,0.04281,3e-08,
50,9100000,67,0.228,Conductor,0.00022,,708.6;1411.8;2943;3930.3;7456,112;114;115;116;117;118;119;120;122;124,0.0097;0.0066;0.0034;0.1454;0.0768;0.2422;0.0859;0.3258;0.0463;0.0579,4e-07,2e-05
51,2500000,24,0.207,Conductor,2e-05,,834;1594.9;2440;4260;5400;10400,121;123,0.5721;0.4279,4e-08,
52,0.01,3,0.202,Semiconductor,1e-07,,869.3;1790;2698;3610;5668;6820;13200,120;122;123;124;125;126;128;130,0.0009;0.0255;0.0089;0.0474;0.0707;0.1884;0.3174;0.3408,9e-07,
53,1.4e-07,0.449,0.214,Isolator,4.5e-05,,1008.4;1845.9;3180,127,1,1e-07,2e-05
54,0,0.00565,0.158,N/A,3e-09,,1170.4;2046.4;3099.4,124;126;128;129;130;131;132;134;136,0.00095;0.00089;0.0191;0.26401;0.04071;0.21232;0.26909;0.10436;0.08857,1e-06,
55,5000000,36,0.242,Conductor,0.00019,0.5,375.7;2234.3;3400,133,1,8e-08,2e-06
56,3100000,18,0.204,N/A,0.034,,502.9;965.2;3600,130;132;134;135;136;137;138,0.0011;0.001;0.0242;0.0659;0.0785;0.1123;0.717,1e-06,3e-05
57,1700000,13,0.195,N/A,0.0034,,538.1;1067;1850.3;4819;5940,139,0.9991119,2e-07,
58,1100000,11,0.192,Conductor,0.006,,534.4;1050;1949;3547;6325;7490,136;138;140;142,0.00185;0.00251;0.8845;0.11114,1e-06,
59,1300000,13,0.193,Conductor,0.00086,,527;1020;2086;3761,141,1,2e-07,
60,1600000,17,0.19,Conductor,0.0033,,533.1;1040;2130;3900,142;143;144;145;146;148;150,0.27152;0.12174;0.23798;0.08293;0.17189;0.05756;0.05638,1e-06,
61,1400000,15,0.18,Conductor,-1,,540;1050;2150;3970,,,,0
62,1100000,13,0.18,Conductor,0.0006,,544.5;1070;2260;3990,144;147;148;149;150;152;154,0.0308;0.15;0.1125;0.1382;0.0737;0.2674;0.2274,5e-07,
63,1100000,14,0.182,N/A,0.00018,,547.1;1085;2404;4120,151;153,0.4781;0.5219,5e-08,
64,740000,11,0.236,Conductor,0.00052,,593.4;1170;1990;4250,152;154;155;156;157;158;160,0.00204;0.02187;0.14828;0.20493;0.15657;0.2482;0.21811,2e-07,
65,830000,11,0.182,Conductor,9e-05,,565.8;1110;2114;3839,159,1,5e-08,
66,900000,11,0.17,Conductor,0.00062,,573;1130;2200;3990,156;158;160;161;162;163;164,0.00056;0.00095;0.02329;0.18889;0.25475;0.24896;0.2826,2e-07,
67,860000,16,0.165,Conductor,0.00012,,581;1140;2204;4100,165,1,5e-08,
68,800000,15,0.168,Conductor,0.0003,,589.3;1150;2194;4120,162;164;166;167;168;170,0.00139;0.01601;0.33503;0.22869;0.26978;0.1491,2e-07,
69,720000,17,0.16,Conductor,4.5e-05,,596.7;1160;2285;4120,169,1,1e-08,
70,350000,39,0.155,Conductor,0.00028,,603.4;1174.8;2417;4203,168;170;171;172;173;174;176,0.00126;0.03023;0.14216;0.21754;0.16098;0.31896;0.12887,2e-07,
71,1800000,16,0.154,Conductor,5.6e-05,,523.5;1340;2022.3;4370;6445,175,0.97414,1e-08,
72,3100000,23,0.146,Conductor,0.00033,,658.5;1440;2250;3216,174;176;177;178;179;180,0.00161;0.0524;0.1858;0.2728;0.1363;0.3512,7e-08,
73,7700000,57,0.14,Conductor,0.00017,,761;1500,181,0.9998824,8e-09,
74,18000000,170,0.134,Conductor,0.00011,,770;1700,180;182;183;184;186,0.0012;0.265;0.1431;0.3064;0.2843,5e-08,
75,5600000,48,0.137,Conductor,7e-08,,760;1260;2510;3640,185,0.374,2e-08,
76,12000000,87,0.13,Conductor,1e-07,,840;1600,184;186;187;188;189;190;192,0.0002;0.0159;0.0196;0.1324;0.1615;0.2626;0.4078,3e-07,
77,21000000,150,0.131,Conductor,1e-07,,880;1600,191;193,0.3723;0.6277,2e-07,
78,9400000,71,0.133,Conductor,5e-07,,870;1791,190;192;194;195;196;198,0.00012;0.00782;0.32864;0.33775;0.25211;0.07356,5e-07,
79,41000000,320,0.129,Conductor,3.1e-07,,890.1;1980,197,1,6e-08,1e-05
80,1040000,8.3,0.14,Conductor,6.7e-06,,1007.1;1810;3300,196;198;199;200;201;202;204,0.0015;0.1004;0.1694;0.2314;0.1317;0.2974;0.0682,1e-07,
81,5000000,46,0.129,Conductor,5.3e-05,,589.4;1971;2878,203;205,0.29515;0.70485,5e-08,
82,4800000,35,0.129,Conductor,0.0014,,715.6;1450.5;3081.5;4083;6640,204;206;207;208,0.014;0.241;0.221;0.524,1e-06,0.00017
83,870000,8,0.122,Conductor,2.5e-06,,703;1610;2466;4370;5400;8520,,1,7e-08,
84,,,,Conductor,-3,,812.1,,,,0
85,,2,,Conductor,-1,,920,,,,0
86,,0.00361,,Conductor,-2,,1037,,,,
87,,,,Conductor,-1,,380,,,,0
88,,19,,N/A,-2,,509.3;979,,,,1e-13
89,,12,,N/A,-2,,499;1170;1900;4700,,,,0
90,670000,54,0.113,N/A,0.0006,,587;1110;1930;2780,,,4e-08,0
91,,47,,Conductor,-2,,568,,,,0
92,3600000,27,0.116,N/A,0.00027,,597.6;1420;1900;3145,,,2e-08,1e-07
93,,6,,Conductor,-1,,604.5;1128;1997;3242,,,,0
94,,6,,Conductor,-1,,584.7;1128;2084;3338,,,,0
95,,10,,N/A,-1,,578;1158;2132;3493,,,,0
96,,,,Conductor,-1,,581;1196;2026;3550,,,,0
97,,10,,Conductor,-1,,601;1186;2152;3434,,,,0
98,,,,N/A,-1,,608;1206;2267;3599,,,,0
99,,,,N/A,-1,,619;1216;2334;3734,,,,0
100,,,,N/A,-1,,627;1225;2363;3792,,,,0
101,,,,N/A,-1,,635;1235;2470;3840,,,,0
102,,,,N/A,-1,,642;1254;2643;3956,,,,0
103,,,,N/A,-1,,470;1428;2228;4910,,,,0
104,,,,N/A,-1,,580;1390;2300;3080,,,,0
105,,,,N/A,-1,,665;1547;2378;3299;4305,,,,0
106,,,,N/A,-1,,757;1733;2484;3416;4562;5716,,,,0
107,,,,N/A,-1,,740;1690;2570;3600;4730;5990;7230,,,,0
108,,,,N/A,-1,,730;1760;2830;3640;4940;6180;7540;8860,,,,0
109,,,,N/A,-1,,800;1820;2900;3900;4900,,,,0
110,,,,N/A,-1,,960;1890;3030;4000;5100,,,,0
111,,,,N/A,-1,,1020;2070;3080;4100;5300,,,,0
112,,,,N/A,-1,,1155;2170;3160;4200;5500,,,,0
113,,,,N/A,-1,,707.2;2309;3020;4382;5638,,,,0
114,,,,N/A,-1,,832.2;1600;3370;4400;5850,,,,0
115,,,,N/A,-1,,538.3;1760;2650;4680;5720,,,,0
116,,,,N/A,-1,,663.9;1330;2850;3810;6080,,,,0
117,,,,N/A,-1,,736.9;1435.4;2161.9;4012.9;5076.4,,,,0
118,,,,N/A,-1,,860.1;1560,,,,0
