z,sym,name,latin,cat,mass,density,melt,boil,oxidation,config,e0,en
1,H,Hydrogen,Hydrogenium,nonmetal,1.008,8.99e-05,13.99,20.271,1,1s¹,0.0,2.2
2,He,Helium,Helium,noble,4.0026,0.0001785,0.95,4.22,0,1s²,0.0,
3,Li,Lithium,Lithium,alkali,6.94,0.534,453.65,1603.0,1,[He] 2s¹,-3.04,0.98
4,Be,Beryllium,Beryllium,alkaline,9.0122,1.85,1560.0,2742.0,2,[He] 2s²,-1.85,1.57
5,B,Boron,Borum,metalloid,10.81,2.34,2349.0,4200.0,3,[He] 2s² 2p¹,0.0,2.04
6,C,Carbon,Carbonium,nonmetal,12.011,2.267,3823.0,4098.0,4,[He] 2s² 2p²,0.0,2.55
7,N,Nitrogen,Nitrogenium,nonmetal,14.007,0.001251,63.15,77.36,-3,[He] 2s² 2p³,0.0,3.04
8,O,Oxygen,Oxygenium,nonmetal,15.999,0.001429,54.36,90.2,-2,[He] 2s² 2p⁴,1.23,3.44
9,F,Fluorine,Fluorum,halogen,18.998,0.001696,53.53,85.03,-1,[He] 2s² 2p⁵,2.87,3.98
10,Ne,Neon,Neon,noble,20.18,0.0009,24.56,27.07,0,[He] 2s² 2p⁶,0.0,
11,Na,Sodium,Natrium,alkali,22.99,0.971,370.87,1156.0,1,[Ne] 3s¹,-2.71,0.93
12,Mg,Magnesium,Magnesium,alkaline,24.305,1.738,923.0,1363.0,2,[Ne] 3s²,-2.37,1.31
13,Al,Aluminium,Aluminium,post-transition,26.982,2.7,933.47,2792.0,3,[Ne] 3s² 3p¹,-1.66,1.61
14,Si,Silicon,Silicium,metalloid,28.085,2.329,1687.0,3538.0,4,[Ne] 3s² 3p²,0.0,1.9
15,P,Phosphorus,Phosphorus,nonmetal,30.974,1.82,317.3,550.0,-3,[Ne] 3s² 3p³,0.0,2.19
16,S,Sulfur,Sulphur,nonmetal,32.06,2.067,388.36,717.8,-2,[Ne] 3s² 3p⁴,0.0,2.58
17,Cl,Chlorine,Chlorum,halogen,35.45,0.003214,171.6,239.11,-1,[Ne] 3s² 3p⁵,1.36,3.16
18,Ar,Argon,Argon,noble,39.948,0.001784,83.81,87.3,0,[Ne] 3s² 3p⁶,0.0,
19,K,Potassium,Kalium,alkali,39.098,0.862,336.53,1032.0,1,[Ar] 4s¹,-2.93,0.82
20,Ca,Calcium,Calcium,alkaline,40.078,1.54,1115.0,1757.0,2,[Ar] 4s²,-2.87,1.0
21,Sc,Scandium,Scandium,transition,44.956,2.985,1814.0,3109.0,3,[Ar] 3d¹ 4s²,-2.08,1.36
22,Ti,Titanium,Titanium,transition,47.867,4.506,1941.0,3560.0,4,[Ar] 3d² 4s²,-1.63,1.54
23,V,Vanadium,Vanadium,transition,50.942,6.11,2183.0,3680.0,5,[Ar] 3d³ 4s²,-1.18,1.63
24,Cr,Chromium,Chromium,transition,51.996,7.15,2180.0,2944.0,3,[Ar] 3d⁵ 4s¹,-0.74,1.66
25,Mn,Manganese,Manganum,transition,54.938,7.47,1519.0,2334.0,2,[Ar] 3d⁵ 4s²,-1.18,1.55
26,Fe,Iron,Ferrum,transition,55.845,7.874,1811.0,3134.0,3,[Ar] 3d⁶ 4s²,-0.44,1.83
27,Co,Cobalt,Cobaltum,transition,58.933,8.9,1768.0,3200.0,2,[Ar] 3d⁷ 4s²,-0.28,1.88
28,Ni,Nickel,Niccolum,transition,58.693,8.912,1728.0,3186.0,2,[Ar] 3d⁸ 4s²,-0.25,1.91
29,Cu,Copper,Cuprum,transition,63.546,8.96,1357.77,2835.0,2,[Ar] 3d¹⁰ 4s¹,0.34,1.9
30,Zn,Zinc,Zincum,transition,65.38,7.134,692.68,1180.0,2,[Ar] 3d¹⁰ 4s²,-0.76,1.65
31,Ga,Gallium,Gallium,post-transition,69.723,5.91,302.91,2673.0,3,[Ar] 3d¹⁰ 4s² 4p¹,-0.53,1.81
32,Ge,Germanium,Germanium,metalloid,72.63,5.323,1211.4,3106.0,4,[Ar] 3d¹⁰ 4s² 4p²,0.0,2.01
33,As,Arsenic,Arsenicum,metalloid,74.922,5.727,1090.0,887.0,-3,[Ar] 3d¹⁰ 4s² 4p³,0.0,2.18
34,Se,Selenium,Selenium,nonmetal,78.971,4.81,494.0,958.0,-2,[Ar] 3d¹⁰ 4s² 4p⁴,0.0,2.55
35,Br,Bromine,Bromum,halogen,79.904,3.122,265.8,332.0,-1,[Ar] 3d¹⁰ 4s² 4p⁵,1.07,2.96
36,Kr,Krypton,Krypton,noble,83.798,0.003733,115.79,119.93,0,[Ar] 3d¹⁰ 4s² 4p⁶,0.0,3.0
37,Rb,Rubidium,Rubidium,alkali,85.468,1.532,312.46,961.0,1,[Kr] 5s¹,-2.98,0.82
38,Sr,Strontium,Strontium,alkaline,87.62,2.64,1050.0,1655.0,2,[Kr] 5s²,-2.89,0.95
39,Y,Yttrium,Yttrium,transition,88.906,4.47,1799.0,3609.0,3,[Kr] 4d¹ 5s²,-2.37,1.22
40,Zr,Zirconium,Zirconium,transition,91.224,6.52,2128.0,4682.0,4,[Kr] 4d² 5s²,-1.45,1.33
41,Nb,Niobium,Niobium,transition,92.906,8.57,2750.0,5017.0,5,[Kr] 4d⁴ 5s¹,-1.1,1.6
42,Mo,Molybdenum,Molybdenum,transition,95.95,10.28,2896.0,4912.0,6,[Kr] 4d⁵ 5s¹,-0.2,2.16
43,Tc,Technetium,Technetium,transition,98.0,11.5,2430.0,4538.0,7,[Kr] 4d⁵ 5s²,0.0,1.9
44,Ru,Ruthenium,Ruthenium,transition,101.07,12.37,2607.0,4423.0,4,[Kr] 4d⁷ 5s¹,0.46,2.2
45,Rh,Rhodium,Rhodium,transition,102.906,12.45,2237.0,3968.0,3,[Kr] 4d⁸ 5s¹,0.76,2.28
46,Pd,Palladium,Palladium,transition,106.42,12.02,1828.05,3236.0,2,[Kr] 4d¹⁰,0.92,2.2
47,Ag,Silver,Argentum,transition,107.868,10.49,1234.93,2435.0,1,[Kr] 4d¹⁰ 5s¹,0.8,1.93
48,Cd,Cadmium,Cadmium,transition,112.41,8.65,594.22,1040.0,2,[Kr] 4d¹⁰ 5s²,-0.4,1.69
49,In,Indium,Indium,post-transition,114.818,7.31,429.75,2345.0,3,[Kr] 4d¹⁰ 5s² 5p¹,-0.34,1.78
50,Sn,Tin,Stannum,post-transition,118.71,7.287,505.08,2875.0,4,[Kr] 4d¹⁰ 5s² 5p²,-0.14,1.96
51,Sb,Antimony,Stibium,metalloid,121.76,6.697,903.78,1860.0,-3,[Kr] 4d¹⁰ 5s² 5p³,0.0,2.05
52,Te,Tellurium,Tellurium,metalloid,127.6,6.24,722.66,1261.0,-2,[Kr] 4d¹⁰ 5s² 5p⁴,0.0,2.1
53,I,Iodine,Iodum,halogen,126.905,4.933,386.85,457.4,-1,[Kr] 4d¹⁰ 5s² 5p⁵,0.54,2.66
54,Xe,Xenon,Xenon,noble,131.29,0.005887,161.4,165.1,0,[Kr] 4d¹⁰ 5s² 5p⁶,0.0,2.6
55,Cs,Caesium,Caesium,alkali,132.905,1.93,301.59,944.0,1,[Xe] 6s¹,-2.92,0.79
56,Ba,Barium,Barium,alkaline,137.33,3.51,1000.0,2170.0,2,[Xe] 6s²,-2.91,0.89
57,La,Lanthanum,Lanthanum,lanthanide,138.906,6.15,1193.0,3737.0,3,[Xe] 5d¹ 6s²,-2.38,1.1
58,Ce,Cerium,Cerium,lanthanide,140.116,6.77,1068.0,3716.0,3,[Xe] 4f¹ 5d¹ 6s²,-2.34,1.12
59,Pr,Praseodymium,Praseodymium,lanthanide,140.908,6.77,1208.0,3793.0,3,[Xe] 4f³ 6s²,-2.35,1.13
60,Nd,Neodymium,Neodymium,lanthanide,144.24,7.01,1297.0,3347.0,3,[Xe] 4f⁴ 6s²,-2.32,1.14
61,Pm,Promethium,Promethium,lanthanide,144.913,7.26,1315.0,3273.0,3,[Xe] 5f⁵ 6s²,0.0,
62,Sm,Samarium,Samarium,lanthanide,150.36,7.52,1345.0,2067.0,3,[Xe] 4f⁶ 6s²,-2.3,1.17
63,Eu,Europium,Europium,lanthanide,151.964,5.24,1099.0,1802.0,3,[Xe] 4f⁷ 6s²,-1.99,1.2
64,Gd,Gadolinium,Gadolinium,lanthanide,157.25,7.9,1585.0,3546.0,3,[Xe] 4f⁷ 5d¹ 6s²,-2.28,1.2
65,Tb,Terbium,Terbium,lanthanide,158.925,8.23,1629.0,3503.0,3,[Xe] 4f⁹ 6s²,-2.31,1.1
66,Dy,Dysprosium,Dysprosium,lanthanide,162.5,8.55,1680.0,2840.0,3,[Xe] 4f¹⁰ 6s²,-2.29,1.22
67,Ho,Holmium,Holmium,lanthanide,164.93,8.8,1734.0,2993.0,3,[Xe] 4f¹¹ 6s²,-2.33,1.23
68,Er,Erbium,Erbium,lanthanide,167.26,9.07,1802.0,3141.0,3,[Xe] 4f¹² 6s²,-2.32,1.24
69,Tm,Thulium,Thulium,lanthanide,168.934,9.32,1818.0,2223.0,3,[Xe] 4f¹³ 6s²,-2.32,1.25
70,Yb,Ytterbium,Ytterbium,lanthanide,173.05,6.9,1097.0,1469.0,3,[Xe] 4f¹⁴ 6s²,-2.22,1.1
71,Lu,Lutetium,Lutetium,lanthanide,174.967,9.84,1925.0,3675.0,3,[Xe] 4f¹⁴ 5d¹ 6s²,-2.28,1.27
72,Hf,Hafnium,Hafnium,transition,178.49,13.31,2506.0,4876.0,4,[Xe] 4f¹⁴ 5d² 6s²,-1.55,1.3
73,Ta,Tantalum,Tantalum,transition,180.948,16.65,3290.0,5731.0,5,[Xe] 4f¹⁴ 5d³ 6s²,-0.6,1.5
74,W,Tungsten,Wolframium,transition,183.84,19.25,3695.0,6203.0,6,[Xe] 4f¹⁴ 5d⁴ 6s²,0.1,2.36
75,Re,Rhenium,Rhenium,transition,186.207,21.02,3459.0,5869.0,7,[Xe] 4f¹⁴ 5d⁵ 6s²,0.3,1.9
76,Os,Osmium,Osmium,transition,190.23,22.59,3306.0,5285.0,4,[Xe] 4f¹⁴ 5d⁶ 6s²,0.85,2.2
77,Ir,Iridium,Iridium,transition,192.22,22.56,2719.0,4701.0,3,[Xe] 4f¹⁴ 5d⁷ 6s²,1.16,2.2
78,Pt,Platinum,Platinum,transition,195.08,21.45,2041.4,4098.0,2,[Xe] 4f¹⁴ 5d⁹ 6s¹,1.18,2.28
79,Au,Gold,Aurum,transition,196.967,19.3,1337.33,3129.0,3,[Xe] 4f¹⁴ 5d¹⁰ 6s¹,1.5,2.54
80,Hg,Mercury,Hydrargyrum,transition,200.59,13.534,234.32,629.88,2,[Xe] 4f¹⁴ 5d¹⁰ 6s²,0.85,2.0
81,Tl,Thallium,Thallium,post-transition,204.383,11.85,577.0,1746.0,1,[Xe] 4f¹⁴ 5d¹⁰ 6s² 6p¹,-0.34,1.62
82,Pb,Lead,Plumbum,post-transition,207.2,11.34,600.61,2022.0,2,[Xe] 4f¹⁴ 5d¹⁰ 6s² 6p²,-0.13,2.33
83,Bi,Bismuth,Bismuthum,post-transition,208.98,9.78,544.7,1837.0,3,[Xe] 4f¹⁴ 5d¹⁰ 6s² 6p³,0.31,2.02
84,Po,Polonium,Polonium,post-transition,209.0,9.2,527.0,1235.0,4,[Xe] 4f¹⁴ 5d¹⁰ 6s² 6p⁴,0.0,2.0
85,At,Astatine,Astatium,halogen,209.987,,575.0,610.0,-1,[Xe] 4f¹⁴ 5d¹⁰ 6s² 6p⁵,0.0,2.2
86,Rn,Radon,Radon,noble,222.018,0.00973,202.0,211.5,0,[Xe] 4f¹⁴ 5d¹⁰ 6s² 6p⁶,0.0,
87,Fr,Francium,Francium,alkali,223.02,,300.0,950.0,1,[Rn] 7s¹,0.0,0.7
88,Ra,Radium,Radium,alkaline,226.025,5.5,973.0,2010.0,2,[Rn] 7s²,-2.92,0.9
89,Ac,Actinium,Actinium,actinide,227.028,10.07,1323.0,3471.0,3,[Rn] 6d¹ 7s²,-2.2,1.1
90,Th,Thorium,Thorium,actinide,232.038,11.72,2115.0,5061.0,4,[Rn] 6d² 7s²,-1.9,1.3
91,Pa,Protactinium,Protactinium,actinide,231.036,15.37,1841.0,4300.0,5,[Rn] 5f² 6d¹ 7s²,0.0,1.5
92,U,Uranium,Uranium,actinide,238.029,19.1,1405.3,4404.0,6,[Rn] 5f³ 6d¹ 7s²,-1.66,1.38
93,Np,Neptunium,Neptunium,actinide,237.048,20.25,912.0,4447.0,5,[Rn] 5f⁴ 6d¹ 7s²,0.0,1.36
94,Pu,Plutonium,Plutonium,actinide,244.064,19.84,912.5,3505.0,4,[Rn] 5f⁶ 7s²,0.0,1.28
95,Am,Americium,Americium,actinide,243.061,13.67,1449.0,2880.0,3,[Rn] 5f⁷ 7s²,0.0,1.3
96,Cm,Curium,Curium,actinide,247.07,13.51,1613.0,3383.0,3,[Rn] 5f⁷ 6d¹ 7s²,0.0,1.3
97,Bk,Berkelium,Berkelium,actinide,247.07,14.78,1259.0,2900.0,3,[Rn] 5f⁹ 7s²,0.0,1.3
98,Cf,Californium,Californium,actinide,251.08,15.1,1173.0,1743.0,3,[Rn] 5f¹⁰ 7s²,0.0,1.3
99,Es,Einsteinium,Einsteinium,actinide,252.083,8.84,1133.0,1269.0,3,[Rn] 5f¹¹ 7s²,0.0,1.3
100,Fm,Fermium,Fermium,actinide,257.095,,1800.0,2100.0,3,[Rn] 5f¹² 7s²,0.0,1.3
101,Md,Mendelevium,Mendelevium,actinide,258.098,,1100.0,1500.0,3,[Rn] 5f¹³ 7s²,0.0,1.3
102,No,Nobelium,Nobelium,actinide,259.101,,1100.0,1500.0,2,[Rn] 5f¹⁴ 7s²,0.0,1.3
103,Lr,Lawrencium,Lawrencium,actinide,266.12,,1900.0,2400.0,3,[Rn] 5f¹⁴ 7s² 7p¹,0.0,1.3
104,Rf,Rutherfordium,Rutherfordium,transition,267.122,23.2,2400.0,5800.0,4,[Rn] 5f¹⁴ 6d² 7s²,0.0,
105,Db,Dubnium,Dubnium,transition,268.126,29.3,2400.0,5800.0,5,[Rn] 5f¹⁴ 6d³ 7s²,0.0,
106,Sg,Seaborgium,Seaborgium,transition,269.128,35.0,2400.0,4800.0,6,[Rn] 5f¹⁴ 6d⁴ 7s²,0.0,
107,Bh,Bohrium,Bohrium,transition,270.133,37.1,2400.0,4800.0,7,[Rn] 5f¹⁴ 6d⁵ 7s²,0.0,
108,Hs,Hassium,Hassium,transition,269.134,40.7,2400.0,4800.0,8,[Rn] 5f¹⁴ 6d⁶ 7s²,0.0,
109,Mt,Meitnerium,Meitnerium,unknown,277.154,37.4,2400.0,4800.0,3,[Rn] 5f¹⁴ 6d⁷ 7s²,0.0,
110,Ds,Darmstadtium,Darmstadtium,unknown,282.166,34.8,2400.0,4000.0,4,[Rn] 5f¹⁴ 6d⁸ 7s²,0.0,
111,Rg,Roentgenium,Roentgenium,unknown,282.169,28.7,2400.0,3600.0,3,[Rn] 5f¹⁴ 6d⁹ 7s²,0.0,
112,Cn,Copernicium,Copernicium,transition,286.179,14.0,283.0,340.0,2,[Rn] 5f¹⁴ 6d¹⁰ 7s²,0.0,
113,Nh,Nihonium,Nihonium,unknown,286.182,16.0,700.0,1400.0,1,[Rn] 5f¹⁴ 6d¹⁰ 7s² 7p¹,0.0,
114,Fl,Flerovium,Flerovium,post-transition,290.192,14.0,340.0,420.0,2,[Rn] 5f¹⁴ 6d¹⁰ 7s² 7p²,0.0,
115,Mc,Moscovium,Moscovium,unknown,290.196,13.5,700.0,1400.0,1,[Rn] 5f¹⁴ 6d¹⁰ 7s² 7p³,0.0,
116,Lv,Livermorium,Livermorium,unknown,293.205,12.9,700.0,1100.0,2,[Rn] 5f¹⁴ 6d¹⁰ 7s² 7p⁴,0.0,
117,Ts,Tennessine,Tennessine,unknown,294.211,7.2,700.0,800.0,-1,[Rn] 5f¹⁴ 6d¹⁰ 7s² 7p⁵,0.0,
118,Og,Oganesson,Oganesson,unknown,295.216,5.0,325.0,450.0,0,[Rn] 5f¹⁴ 6d¹⁰ 7s² 7p⁶,0.0,
